{"accuracy": [0.5987054705619812, 0.8598193526268005, 0.9155274033546448, 0.9392133355140686, 0.9565260410308838, 0.9657443761825562, 0.9718472361564636, 0.9750337600708008, 0.9800981283187866, 0.9813500046730042], "loss": [1.3594775199890137, 0.4432322680950165, 0.26185500621795654, 0.1831480860710144, 0.13300681114196777, 0.1046004444360733, 0.08602577447891235, 0.07787888497114182, 0.06217847019433975, 0.05665534734725952], "val_accuracy": [0.8331436514854431, 0.9056453704833984, 0.9282380938529968, 0.9566355347633362, 0.9481561779975891, 0.9569770097732544, 0.9573753476142883, 0.9594810009002686, 0.9581151604652405, 0.9684725403785706], "val_loss": [0.5291340947151184, 0.2919403910636902, 0.221032977104187, 0.13469183444976807, 0.16936665773391724, 0.1411152333021164, 0.13674625754356384, 0.13582347333431244, 0.13950395584106445, 0.11502497643232346]}